{
    "Images":
    [
        {"URL":"img/01.jpg", "Caption":"Image 1"},
        {"URL":"img/02.jpg", "Caption":"Image 2"},
        {"URL":"img/03.jpg", "Caption":"Image 3"},
        {"URL":"img/04.jpg", "Caption":"Image 4"},
        {"URL":"img/05.jpg", "Caption":"Image 5"},
        {"URL":"img/06.jpg", "Caption":"Image 6"},
        {"URL":"img/07.jpg", "Caption":"Image 7"},
        {"URL":"img/08.jpg", "Caption":"Image 8"},
        {"URL":"img/09.jpg", "Caption":"Image 9"} 
    ]
}